agegroup	year	sex	n
0-4	2022	Male	0
5-9	2022	Male	0
10-14	2022	Male	1
15-19	2022	Male	8
20-24	2022	Male	5
25-29	2022	Male	4
30-34	2022	Male	23
35-39	2022	Male	11
40-44	2022	Male	29
45-49	2022	Male	57
50-54	2022	Male	112
55-59	2022	Male	159
60-64	2022	Male	246
65-69	2022	Male	260
70-74	2022	Male	442
75-79	2022	Male	621
80-84	2022	Male	431
85-89	2022	Male	304
0-4	2022	Female	0
5-9	2022	Female	0
10-14	2022	Female	1
15-19	2022	Female	4
20-24	2022	Female	4
25-29	2022	Female	5
30-34	2022	Female	18
35-39	2022	Female	11
40-44	2022	Female	28
45-49	2022	Female	59
50-54	2022	Female	80
55-59	2022	Female	125
60-64	2022	Female	211
65-69	2022	Female	256
70-74	2022	Female	394
75-79	2022	Female	569
80-84	2022	Female	497
85-89	2022	Female	451
0-4	2021	Male	0
5-9	2021	Male	1
10-14	2021	Male	0
15-19	2021	Male	6
20-24	2021	Male	5
25-29	2021	Male	11
30-34	2021	Male	14
35-39	2021	Male	20
40-44	2021	Male	32
45-49	2021	Male	37
50-54	2021	Male	116
55-59	2021	Male	112
60-64	2021	Male	245
65-69	2021	Male	297
70-74	2021	Male	478
75-79	2021	Male	555
80-84	2021	Male	401
85-89	2021	Male	349
0-4	2021	Female	0
5-9	2021	Female	0
10-14	2021	Female	3
15-19	2021	Female	4
20-24	2021	Female	6
25-29	2021	Female	4
30-34	2021	Female	19
35-39	2021	Female	15
40-44	2021	Female	25
45-49	2021	Female	65
50-54	2021	Female	105
55-59	2021	Female	122
60-64	2021	Female	187
65-69	2021	Female	270
70-74	2021	Female	405
75-79	2021	Female	512
80-84	2021	Female	503
85-89	2021	Female	498
0-4	2020	Male	0
5-9	2020	Male	0
10-14	2020	Male	2
15-19	2020	Male	4
20-24	2020	Male	2
25-29	2020	Male	6
30-34	2020	Male	13
35-39	2020	Male	20
40-44	2020	Male	32
45-49	2020	Male	63
50-54	2020	Male	89
55-59	2020	Male	121
60-64	2020	Male	187
65-69	2020	Male	280
70-74	2020	Male	481
75-79	2020	Male	496
80-84	2020	Male	393
85-89	2020	Male	269
0-4	2020	Female	0
5-9	2020	Female	0
10-14	2020	Female	3
15-19	2020	Female	5
20-24	2020	Female	4
25-29	2020	Female	7
30-34	2020	Female	10
35-39	2020	Female	12
40-44	2020	Female	31
45-49	2020	Female	64
50-54	2020	Female	89
55-59	2020	Female	110
60-64	2020	Female	170
65-69	2020	Female	291
70-74	2020	Female	436
75-79	2020	Female	484
80-84	2020	Female	462
85-89	2020	Female	412
0-4	2019	Male	0
5-9	2019	Male	1
10-14	2019	Male	0
15-19	2019	Male	3
20-24	2019	Male	5
25-29	2019	Male	4
30-34	2019	Male	10
35-39	2019	Male	16
40-44	2019	Male	27
45-49	2019	Male	58
50-54	2019	Male	75
55-59	2019	Male	131
60-64	2019	Male	189
65-69	2019	Male	333
70-74	2019	Male	445
75-79	2019	Male	506
80-84	2019	Male	424
85-89	2019	Male	286
0-4	2019	Female	0
5-9	2019	Female	0
10-14	2019	Female	1
15-19	2019	Female	5
20-24	2019	Female	9
25-29	2019	Female	9
30-34	2019	Female	10
35-39	2019	Female	23
40-44	2019	Female	37
45-49	2019	Female	53
50-54	2019	Female	98
55-59	2019	Female	101
60-64	2019	Female	155
65-69	2019	Female	272
70-74	2019	Female	434
75-79	2019	Female	546
80-84	2019	Female	438
85-89	2019	Female	439
0-4	2018	Male	0
5-9	2018	Male	1
10-14	2018	Male	2
15-19	2018	Male	5
20-24	2018	Male	3
25-29	2018	Male	12
30-34	2018	Male	12
35-39	2018	Male	17
40-44	2018	Male	29
45-49	2018	Male	52
50-54	2018	Male	77
55-59	2018	Male	113
60-64	2018	Male	200
65-69	2018	Male	336
70-74	2018	Male	456
75-79	2018	Male	474
80-84	2018	Male	365
85-89	2018	Male	257
0-4	2018	Female	0
5-9	2018	Female	1
10-14	2018	Female	3
15-19	2018	Female	4
20-24	2018	Female	11
25-29	2018	Female	3
30-34	2018	Female	17
35-39	2018	Female	14
40-44	2018	Female	39
45-49	2018	Female	53
50-54	2018	Female	74
55-59	2018	Female	118
60-64	2018	Female	173
65-69	2018	Female	254
70-74	2018	Female	439
75-79	2018	Female	469
80-84	2018	Female	436
85-89	2018	Female	390
0-4	2017	Male	0
5-9	2017	Male	0
10-14	2017	Male	0
15-19	2017	Male	3
20-24	2017	Male	2
25-29	2017	Male	3
30-34	2017	Male	10
35-39	2017	Male	11
40-44	2017	Male	27
45-49	2017	Male	57
50-54	2017	Male	80
55-59	2017	Male	123
60-64	2017	Male	202
65-69	2017	Male	343
70-74	2017	Male	457
75-79	2017	Male	413
80-84	2017	Male	396
85-89	2017	Male	268
0-4	2017	Female	0
5-9	2017	Female	0
10-14	2017	Female	0
15-19	2017	Female	1
20-24	2017	Female	8
25-29	2017	Female	7
30-34	2017	Female	9
35-39	2017	Female	16
40-44	2017	Female	32
45-49	2017	Female	52
50-54	2017	Female	72
55-59	2017	Female	101
60-64	2017	Female	199
65-69	2017	Female	313
70-74	2017	Female	377
75-79	2017	Female	419
80-84	2017	Female	400
85-89	2017	Female	356
0-4	2016	Male	0
5-9	2016	Male	0
10-14	2016	Male	2
15-19	2016	Male	2
20-24	2016	Male	4
25-29	2016	Male	5
30-34	2016	Male	13
35-39	2016	Male	10
40-44	2016	Male	39
45-49	2016	Male	45
50-54	2016	Male	102
55-59	2016	Male	99
60-64	2016	Male	214
65-69	2016	Male	316
70-74	2016	Male	457
75-79	2016	Male	437
80-84	2016	Male	361
85-89	2016	Male	263
0-4	2016	Female	0
5-9	2016	Female	1
10-14	2016	Female	0
15-19	2016	Female	3
20-24	2016	Female	5
25-29	2016	Female	3
30-34	2016	Female	9
35-39	2016	Female	15
40-44	2016	Female	32
45-49	2016	Female	55
50-54	2016	Female	72
55-59	2016	Female	121
60-64	2016	Female	211
65-69	2016	Female	306
70-74	2016	Female	373
75-79	2016	Female	473
80-84	2016	Female	393
85-89	2016	Female	398
0-4	2015	Male	0
5-9	2015	Male	1
10-14	2015	Male	1
15-19	2015	Male	1
20-24	2015	Male	5
25-29	2015	Male	9
30-34	2015	Male	10
35-39	2015	Male	20
40-44	2015	Male	46
45-49	2015	Male	49
50-54	2015	Male	58
55-59	2015	Male	101
60-64	2015	Male	238
65-69	2015	Male	315
70-74	2015	Male	444
75-79	2015	Male	418
80-84	2015	Male	313
85-89	2015	Male	224
0-4	2015	Female	0
5-9	2015	Female	0
10-14	2015	Female	1
15-19	2015	Female	8
20-24	2015	Female	5
25-29	2015	Female	10
30-34	2015	Female	8
35-39	2015	Female	17
40-44	2015	Female	31
45-49	2015	Female	50
50-54	2015	Female	64
55-59	2015	Female	111
60-64	2015	Female	183
65-69	2015	Female	297
70-74	2015	Female	345
75-79	2015	Female	421
80-84	2015	Female	379
85-89	2015	Female	370
0-4	2014	Male	0
5-9	2014	Male	0
10-14	2014	Male	0
15-19	2014	Male	1
20-24	2014	Male	3
25-29	2014	Male	13
30-34	2014	Male	11
35-39	2014	Male	14
40-44	2014	Male	32
45-49	2014	Male	45
50-54	2014	Male	66
55-59	2014	Male	118
60-64	2014	Male	190
65-69	2014	Male	344
70-74	2014	Male	381
75-79	2014	Male	404
80-84	2014	Male	337
85-89	2014	Male	233
0-4	2014	Female	0
5-9	2014	Female	0
10-14	2014	Female	0
15-19	2014	Female	3
20-24	2014	Female	8
25-29	2014	Female	6
30-34	2014	Female	2
35-39	2014	Female	19
40-44	2014	Female	23
45-49	2014	Female	41
50-54	2014	Female	65
55-59	2014	Female	105
60-64	2014	Female	177
65-69	2014	Female	277
70-74	2014	Female	368
75-79	2014	Female	377
80-84	2014	Female	390
85-89	2014	Female	346
0-4	2013	Male	0
5-9	2013	Male	0
10-14	2013	Male	2
15-19	2013	Male	4
20-24	2013	Male	3
25-29	2013	Male	6
30-34	2013	Male	5
35-39	2013	Male	20
40-44	2013	Male	32
45-49	2013	Male	41
50-54	2013	Male	63
55-59	2013	Male	121
60-64	2013	Male	192
65-69	2013	Male	320
70-74	2013	Male	357
75-79	2013	Male	384
80-84	2013	Male	304
85-89	2013	Male	209
0-4	2013	Female	0
5-9	2013	Female	0
10-14	2013	Female	3
15-19	2013	Female	3
20-24	2013	Female	4
25-29	2013	Female	8
30-34	2013	Female	8
35-39	2013	Female	17
40-44	2013	Female	36
45-49	2013	Female	47
50-54	2013	Female	79
55-59	2013	Female	114
60-64	2013	Female	167
65-69	2013	Female	292
70-74	2013	Female	335
75-79	2013	Female	374
80-84	2013	Female	387
85-89	2013	Female	329
0-4	2012	Male	0
5-9	2012	Male	0
10-14	2012	Male	1
15-19	2012	Male	5
20-24	2012	Male	8
25-29	2012	Male	5
30-34	2012	Male	6
35-39	2012	Male	8
40-44	2012	Male	38
45-49	2012	Male	44
50-54	2012	Male	66
55-59	2012	Male	131
60-64	2012	Male	222
65-69	2012	Male	340
70-74	2012	Male	366
75-79	2012	Male	357
80-84	2012	Male	292
85-89	2012	Male	224
0-4	2012	Female	0
5-9	2012	Female	2
10-14	2012	Female	2
15-19	2012	Female	2
20-24	2012	Female	5
25-29	2012	Female	6
30-34	2012	Female	6
35-39	2012	Female	19
40-44	2012	Female	21
45-49	2012	Female	41
50-54	2012	Female	60
55-59	2012	Female	109
60-64	2012	Female	186
65-69	2012	Female	287
70-74	2012	Female	315
75-79	2012	Female	371
80-84	2012	Female	370
85-89	2012	Female	343
0-4	2011	Male	0
5-9	2011	Male	1
10-14	2011	Male	1
15-19	2011	Male	7
20-24	2011	Male	4
25-29	2011	Male	2
30-34	2011	Male	19
35-39	2011	Male	17
40-44	2011	Male	31
45-49	2011	Male	43
50-54	2011	Male	64
55-59	2011	Male	116
60-64	2011	Male	210
65-69	2011	Male	367
70-74	2011	Male	347
75-79	2011	Male	338
80-84	2011	Male	299
85-89	2011	Male	248
0-4	2011	Female	0
5-9	2011	Female	0
10-14	2011	Female	2
15-19	2011	Female	8
20-24	2011	Female	3
25-29	2011	Female	7
30-34	2011	Female	12
35-39	2011	Female	19
40-44	2011	Female	27
45-49	2011	Female	43
50-54	2011	Female	69
55-59	2011	Female	103
60-64	2011	Female	197
65-69	2011	Female	256
70-74	2011	Female	348
75-79	2011	Female	360
80-84	2011	Female	365
85-89	2011	Female	313
0-4	2010	Male	0
5-9	2010	Male	0
10-14	2010	Male	1
15-19	2010	Male	2
20-24	2010	Male	2
25-29	2010	Male	4
30-34	2010	Male	6
35-39	2010	Male	14
40-44	2010	Male	33
45-49	2010	Male	46
50-54	2010	Male	60
55-59	2010	Male	112
60-64	2010	Male	213
65-69	2010	Male	280
70-74	2010	Male	363
75-79	2010	Male	383
80-84	2010	Male	315
85-89	2010	Male	220
0-4	2010	Female	0
5-9	2010	Female	0
10-14	2010	Female	0
15-19	2010	Female	5
20-24	2010	Female	3
25-29	2010	Female	9
30-34	2010	Female	8
35-39	2010	Female	10
40-44	2010	Female	22
45-49	2010	Female	31
50-54	2010	Female	62
55-59	2010	Female	125
60-64	2010	Female	188
65-69	2010	Female	235
70-74	2010	Female	346
75-79	2010	Female	364
80-84	2010	Female	379
85-89	2010	Female	334
0-4	2009	Male	0
5-9	2009	Male	0
10-14	2009	Male	0
15-19	2009	Male	5
20-24	2009	Male	2
25-29	2009	Male	6
30-34	2009	Male	7
35-39	2009	Male	28
40-44	2009	Male	19
45-49	2009	Male	37
50-54	2009	Male	63
55-59	2009	Male	133
60-64	2009	Male	207
65-69	2009	Male	306
70-74	2009	Male	363
75-79	2009	Male	369
80-84	2009	Male	293
85-89	2009	Male	210
0-4	2009	Female	0
5-9	2009	Female	0
10-14	2009	Female	2
15-19	2009	Female	5
20-24	2009	Female	6
25-29	2009	Female	6
30-34	2009	Female	8
35-39	2009	Female	15
40-44	2009	Female	22
45-49	2009	Female	49
50-54	2009	Female	61
55-59	2009	Female	99
60-64	2009	Female	181
65-69	2009	Female	231
70-74	2009	Female	326
75-79	2009	Female	387
80-84	2009	Female	355
85-89	2009	Female	325
0-4	2008	Male	0
5-9	2008	Male	0
10-14	2008	Male	0
15-19	2008	Male	2
20-24	2008	Male	2
25-29	2008	Male	2
30-34	2008	Male	8
35-39	2008	Male	25
40-44	2008	Male	17
45-49	2008	Male	29
50-54	2008	Male	65
55-59	2008	Male	127
60-64	2008	Male	238
65-69	2008	Male	280
70-74	2008	Male	332
75-79	2008	Male	362
80-84	2008	Male	287
85-89	2008	Male	208
0-4	2008	Female	0
5-9	2008	Female	0
10-14	2008	Female	0
15-19	2008	Female	3
20-24	2008	Female	3
25-29	2008	Female	2
30-34	2008	Female	8
35-39	2008	Female	23
40-44	2008	Female	31
45-49	2008	Female	37
50-54	2008	Female	72
55-59	2008	Female	114
60-64	2008	Female	158
65-69	2008	Female	262
70-74	2008	Female	329
75-79	2008	Female	357
80-84	2008	Female	352
85-89	2008	Female	316
0-4	2007	Male	1
5-9	2007	Male	0
10-14	2007	Male	0
15-19	2007	Male	5
20-24	2007	Male	2
25-29	2007	Male	5
30-34	2007	Male	7
35-39	2007	Male	12
40-44	2007	Male	25
45-49	2007	Male	32
50-54	2007	Male	58
55-59	2007	Male	112
60-64	2007	Male	247
65-69	2007	Male	270
70-74	2007	Male	313
75-79	2007	Male	383
80-84	2007	Male	270
85-89	2007	Male	208
0-4	2007	Female	0
5-9	2007	Female	1
10-14	2007	Female	1
15-19	2007	Female	6
20-24	2007	Female	5
25-29	2007	Female	4
30-34	2007	Female	7
35-39	2007	Female	15
40-44	2007	Female	25
45-49	2007	Female	40
50-54	2007	Female	70
55-59	2007	Female	112
60-64	2007	Female	199
65-69	2007	Female	251
70-74	2007	Female	335
75-79	2007	Female	362
80-84	2007	Female	373
85-89	2007	Female	290
0-4	2006	Male	0
5-9	2006	Male	1
10-14	2006	Male	0
15-19	2006	Male	2
20-24	2006	Male	3
25-29	2006	Male	6
30-34	2006	Male	13
35-39	2006	Male	21
40-44	2006	Male	18
45-49	2006	Male	39
50-54	2006	Male	73
55-59	2006	Male	119
60-64	2006	Male	169
65-69	2006	Male	243
70-74	2006	Male	316
75-79	2006	Male	336
80-84	2006	Male	328
85-89	2006	Male	196
0-4	2006	Female	0
5-9	2006	Female	1
10-14	2006	Female	1
15-19	2006	Female	3
20-24	2006	Female	3
25-29	2006	Female	6
30-34	2006	Female	7
35-39	2006	Female	6
40-44	2006	Female	23
45-49	2006	Female	34
50-54	2006	Female	72
55-59	2006	Female	129
60-64	2006	Female	184
65-69	2006	Female	235
70-74	2006	Female	267
75-79	2006	Female	340
80-84	2006	Female	327
85-89	2006	Female	330
0-4	2005	Male	0
5-9	2005	Male	1
10-14	2005	Male	0
15-19	2005	Male	0
20-24	2005	Male	6
25-29	2005	Male	4
30-34	2005	Male	8
35-39	2005	Male	13
40-44	2005	Male	14
45-49	2005	Male	31
50-54	2005	Male	50
55-59	2005	Male	112
60-64	2005	Male	177
65-69	2005	Male	266
70-74	2005	Male	265
75-79	2005	Male	309
80-84	2005	Male	305
85-89	2005	Male	187
0-4	2005	Female	0
5-9	2005	Female	0
10-14	2005	Female	3
15-19	2005	Female	4
20-24	2005	Female	1
25-29	2005	Female	3
30-34	2005	Female	12
35-39	2005	Female	17
40-44	2005	Female	11
45-49	2005	Female	32
50-54	2005	Female	74
55-59	2005	Female	111
60-64	2005	Female	186
65-69	2005	Female	229
70-74	2005	Female	288
75-79	2005	Female	361
80-84	2005	Female	367
85-89	2005	Female	304
0-4	2004	Male	0
5-9	2004	Male	0
10-14	2004	Male	0
15-19	2004	Male	0
20-24	2004	Male	7
25-29	2004	Male	3
30-34	2004	Male	12
35-39	2004	Male	13
40-44	2004	Male	23
45-49	2004	Male	36
50-54	2004	Male	79
55-59	2004	Male	102
60-64	2004	Male	169
65-69	2004	Male	233
70-74	2004	Male	294
75-79	2004	Male	336
80-84	2004	Male	324
85-89	2004	Male	187
0-4	2004	Female	0
5-9	2004	Female	0
10-14	2004	Female	2
15-19	2004	Female	2
20-24	2004	Female	9
25-29	2004	Female	5
30-34	2004	Female	12
35-39	2004	Female	11
40-44	2004	Female	23
45-49	2004	Female	27
50-54	2004	Female	58
55-59	2004	Female	108
60-64	2004	Female	142
65-69	2004	Female	209
70-74	2004	Female	279
75-79	2004	Female	364
80-84	2004	Female	355
85-89	2004	Female	271
0-4	2003	Male	0
5-9	2003	Male	0
10-14	2003	Male	3
15-19	2003	Male	0
20-24	2003	Male	5
25-29	2003	Male	4
30-34	2003	Male	8
35-39	2003	Male	10
40-44	2003	Male	22
45-49	2003	Male	30
50-54	2003	Male	59
55-59	2003	Male	120
60-64	2003	Male	172
65-69	2003	Male	213
70-74	2003	Male	289
75-79	2003	Male	365
80-84	2003	Male	303
85-89	2003	Male	184
0-4	2003	Female	0
5-9	2003	Female	1
10-14	2003	Female	2
15-19	2003	Female	2
20-24	2003	Female	3
25-29	2003	Female	8
30-34	2003	Female	3
35-39	2003	Female	7
40-44	2003	Female	18
45-49	2003	Female	46
50-54	2003	Female	60
55-59	2003	Female	99
60-64	2003	Female	167
65-69	2003	Female	188
70-74	2003	Female	283
75-79	2003	Female	346
80-84	2003	Female	350
85-89	2003	Female	266
0-4	2002	Male	0
5-9	2002	Male	0
10-14	2002	Male	2
15-19	2002	Male	6
20-24	2002	Male	1
25-29	2002	Male	4
30-34	2002	Male	7
35-39	2002	Male	8
40-44	2002	Male	21
45-49	2002	Male	28
50-54	2002	Male	54
55-59	2002	Male	108
60-64	2002	Male	157
65-69	2002	Male	219
70-74	2002	Male	270
75-79	2002	Male	342
80-84	2002	Male	289
85-89	2002	Male	183
0-4	2002	Female	0
5-9	2002	Female	0
10-14	2002	Female	1
15-19	2002	Female	4
20-24	2002	Female	4
25-29	2002	Female	7
30-34	2002	Female	11
35-39	2002	Female	10
40-44	2002	Female	15
45-49	2002	Female	40
50-54	2002	Female	66
55-59	2002	Female	125
60-64	2002	Female	136
65-69	2002	Female	171
70-74	2002	Female	303
75-79	2002	Female	346
80-84	2002	Female	337
85-89	2002	Female	260
0-4	2001	Male	0
5-9	2001	Male	0
10-14	2001	Male	3
15-19	2001	Male	1
20-24	2001	Male	4
25-29	2001	Male	3
30-34	2001	Male	12
35-39	2001	Male	13
40-44	2001	Male	16
45-49	2001	Male	46
50-54	2001	Male	74
55-59	2001	Male	109
60-64	2001	Male	144
65-69	2001	Male	210
70-74	2001	Male	256
75-79	2001	Male	360
80-84	2001	Male	260
85-89	2001	Male	164
0-4	2001	Female	0
5-9	2001	Female	0
10-14	2001	Female	3
15-19	2001	Female	4
20-24	2001	Female	6
25-29	2001	Female	5
30-34	2001	Female	10
35-39	2001	Female	12
40-44	2001	Female	14
45-49	2001	Female	27
50-54	2001	Female	57
55-59	2001	Female	107
60-64	2001	Female	152
65-69	2001	Female	201
70-74	2001	Female	256
75-79	2001	Female	316
80-84	2001	Female	347
85-89	2001	Female	268
0-4	2000	Male	0
5-9	2000	Male	0
10-14	2000	Male	2
15-19	2000	Male	1
20-24	2000	Male	2
25-29	2000	Male	4
30-34	2000	Male	5
35-39	2000	Male	8
40-44	2000	Male	19
45-49	2000	Male	36
50-54	2000	Male	64
55-59	2000	Male	113
60-64	2000	Male	154
65-69	2000	Male	174
70-74	2000	Male	255
75-79	2000	Male	308
80-84	2000	Male	297
85-89	2000	Male	153
0-4	2000	Female	0
5-9	2000	Female	0
10-14	2000	Female	1
15-19	2000	Female	0
20-24	2000	Female	4
25-29	2000	Female	7
30-34	2000	Female	10
35-39	2000	Female	11
40-44	2000	Female	25
45-49	2000	Female	32
50-54	2000	Female	66
55-59	2000	Female	77
60-64	2000	Female	132
65-69	2000	Female	206
70-74	2000	Female	265
75-79	2000	Female	318
80-84	2000	Female	329
85-89	2000	Female	236
0-4	1999	Male	0
5-9	1999	Male	0
10-14	1999	Male	1
15-19	1999	Male	4
20-24	1999	Male	3
25-29	1999	Male	2
30-34	1999	Male	6
35-39	1999	Male	12
40-44	1999	Male	19
45-49	1999	Male	31
50-54	1999	Male	59
55-59	1999	Male	108
60-64	1999	Male	164
65-69	1999	Male	208
70-74	1999	Male	284
75-79	1999	Male	338
80-84	1999	Male	279
85-89	1999	Male	176
0-4	1999	Female	0
5-9	1999	Female	2
10-14	1999	Female	3
15-19	1999	Female	1
20-24	1999	Female	4
25-29	1999	Female	2
30-34	1999	Female	5
35-39	1999	Female	11
40-44	1999	Female	21
45-49	1999	Female	45
50-54	1999	Female	75
55-59	1999	Female	113
60-64	1999	Female	161
65-69	1999	Female	205
70-74	1999	Female	281
75-79	1999	Female	322
80-84	1999	Female	314
85-89	1999	Female	247
0-4	1998	Male	0
5-9	1998	Male	0
10-14	1998	Male	0
15-19	1998	Male	0
20-24	1998	Male	3
25-29	1998	Male	5
30-34	1998	Male	7
35-39	1998	Male	14
40-44	1998	Male	19
45-49	1998	Male	31
50-54	1998	Male	76
55-59	1998	Male	115
60-64	1998	Male	139
65-69	1998	Male	206
70-74	1998	Male	272
75-79	1998	Male	322
80-84	1998	Male	220
85-89	1998	Male	165
0-4	1998	Female	1
5-9	1998	Female	0
10-14	1998	Female	2
15-19	1998	Female	4
20-24	1998	Female	3
25-29	1998	Female	3
30-34	1998	Female	12
35-39	1998	Female	10
40-44	1998	Female	24
45-49	1998	Female	39
50-54	1998	Female	69
55-59	1998	Female	87
60-64	1998	Female	115
65-69	1998	Female	199
70-74	1998	Female	269
75-79	1998	Female	362
80-84	1998	Female	279
85-89	1998	Female	230
0-4	1997	Male	0
5-9	1997	Male	0
10-14	1997	Male	0
15-19	1997	Male	2
20-24	1997	Male	1
25-29	1997	Male	7
30-34	1997	Male	4
35-39	1997	Male	5
40-44	1997	Male	19
45-49	1997	Male	28
50-54	1997	Male	62
55-59	1997	Male	105
60-64	1997	Male	153
65-69	1997	Male	232
70-74	1997	Male	272
75-79	1997	Male	360
80-84	1997	Male	239
85-89	1997	Male	133
0-4	1997	Female	0
5-9	1997	Female	2
10-14	1997	Female	0
15-19	1997	Female	4
20-24	1997	Female	7
25-29	1997	Female	7
30-34	1997	Female	7
35-39	1997	Female	10
40-44	1997	Female	18
45-49	1997	Female	25
50-54	1997	Female	58
55-59	1997	Female	88
60-64	1997	Female	121
65-69	1997	Female	182
70-74	1997	Female	244
75-79	1997	Female	304
80-84	1997	Female	328
85-89	1997	Female	243
0-4	1996	Male	0
5-9	1996	Male	0
10-14	1996	Male	1
15-19	1996	Male	1
20-24	1996	Male	4
25-29	1996	Male	6
30-34	1996	Male	7
35-39	1996	Male	5
40-44	1996	Male	23
45-49	1996	Male	36
50-54	1996	Male	53
55-59	1996	Male	80
60-64	1996	Male	116
65-69	1996	Male	196
70-74	1996	Male	299
75-79	1996	Male	306
80-84	1996	Male	230
85-89	1996	Male	159
0-4	1996	Female	0
5-9	1996	Female	0
10-14	1996	Female	0
15-19	1996	Female	1
20-24	1996	Female	4
25-29	1996	Female	5
30-34	1996	Female	5
35-39	1996	Female	8
40-44	1996	Female	22
45-49	1996	Female	35
50-54	1996	Female	62
55-59	1996	Female	98
60-64	1996	Female	110
65-69	1996	Female	163
70-74	1996	Female	278
75-79	1996	Female	316
80-84	1996	Female	311
85-89	1996	Female	229
0-4	1995	Male	0
5-9	1995	Male	0
10-14	1995	Male	0
15-19	1995	Male	1
20-24	1995	Male	5
25-29	1995	Male	3
30-34	1995	Male	4
35-39	1995	Male	12
40-44	1995	Male	19
45-49	1995	Male	32
50-54	1995	Male	55
55-59	1995	Male	83
60-64	1995	Male	138
65-69	1995	Male	180
70-74	1995	Male	305
75-79	1995	Male	324
80-84	1995	Male	272
85-89	1995	Male	142
0-4	1995	Female	0
5-9	1995	Female	2
10-14	1995	Female	5
15-19	1995	Female	7
20-24	1995	Female	1
25-29	1995	Female	4
30-34	1995	Female	2
35-39	1995	Female	21
40-44	1995	Female	14
45-49	1995	Female	33
50-54	1995	Female	58
55-59	1995	Female	87
60-64	1995	Female	117
65-69	1995	Female	193
70-74	1995	Female	318
75-79	1995	Female	329
80-84	1995	Female	295
85-89	1995	Female	214
0-4	1994	Male	0
5-9	1994	Male	1
10-14	1994	Male	0
15-19	1994	Male	0
20-24	1994	Male	1
25-29	1994	Male	7
30-34	1994	Male	12
35-39	1994	Male	6
40-44	1994	Male	19
45-49	1994	Male	32
50-54	1994	Male	58
55-59	1994	Male	93
60-64	1994	Male	137
65-69	1994	Male	179
70-74	1994	Male	288
75-79	1994	Male	299
80-84	1994	Male	240
85-89	1994	Male	134
0-4	1994	Female	0
5-9	1994	Female	0
10-14	1994	Female	1
15-19	1994	Female	3
20-24	1994	Female	5
25-29	1994	Female	6
30-34	1994	Female	3
35-39	1994	Female	11
40-44	1994	Female	20
45-49	1994	Female	49
50-54	1994	Female	52
55-59	1994	Female	97
60-64	1994	Female	123
65-69	1994	Female	206
70-74	1994	Female	281
75-79	1994	Female	308
80-84	1994	Female	284
85-89	1994	Female	213
0-4	1993	Male	0
5-9	1993	Male	0
10-14	1993	Male	1
15-19	1993	Male	3
20-24	1993	Male	3
25-29	1993	Male	4
30-34	1993	Male	5
35-39	1993	Male	10
40-44	1993	Male	17
45-49	1993	Male	38
50-54	1993	Male	51
55-59	1993	Male	67
60-64	1993	Male	136
65-69	1993	Male	211
70-74	1993	Male	278
75-79	1993	Male	307
80-84	1993	Male	244
85-89	1993	Male	133
0-4	1993	Female	0
5-9	1993	Female	0
10-14	1993	Female	2
15-19	1993	Female	8
20-24	1993	Female	3
25-29	1993	Female	2
30-34	1993	Female	5
35-39	1993	Female	8
40-44	1993	Female	16
45-49	1993	Female	35
50-54	1993	Female	47
55-59	1993	Female	87
60-64	1993	Female	132
65-69	1993	Female	200
70-74	1993	Female	285
75-79	1993	Female	286
80-84	1993	Female	315
85-89	1993	Female	248
0-4	1992	Male	0
5-9	1992	Male	0
10-14	1992	Male	0
15-19	1992	Male	1
20-24	1992	Male	1
25-29	1992	Male	6
30-34	1992	Male	9
35-39	1992	Male	7
40-44	1992	Male	22
45-49	1992	Male	41
50-54	1992	Male	68
55-59	1992	Male	91
60-64	1992	Male	126
65-69	1992	Male	194
70-74	1992	Male	316
75-79	1992	Male	317
80-84	1992	Male	223
85-89	1992	Male	149
0-4	1992	Female	0
5-9	1992	Female	0
10-14	1992	Female	2
15-19	1992	Female	2
20-24	1992	Female	4
25-29	1992	Female	7
30-34	1992	Female	5
35-39	1992	Female	12
40-44	1992	Female	23
45-49	1992	Female	33
50-54	1992	Female	60
55-59	1992	Female	90
60-64	1992	Female	136
65-69	1992	Female	200
70-74	1992	Female	268
75-79	1992	Female	314
80-84	1992	Female	301
85-89	1992	Female	207
0-4	1991	Male	0
5-9	1991	Male	0
10-14	1991	Male	1
15-19	1991	Male	2
20-24	1991	Male	3
25-29	1991	Male	3
30-34	1991	Male	4
35-39	1991	Male	12
40-44	1991	Male	15
45-49	1991	Male	31
50-54	1991	Male	55
55-59	1991	Male	75
60-64	1991	Male	154
65-69	1991	Male	203
70-74	1991	Male	309
75-79	1991	Male	303
80-84	1991	Male	232
85-89	1991	Male	126
0-4	1991	Female	0
5-9	1991	Female	0
10-14	1991	Female	5
15-19	1991	Female	4
20-24	1991	Female	12
25-29	1991	Female	4
30-34	1991	Female	6
35-39	1991	Female	11
40-44	1991	Female	24
45-49	1991	Female	40
50-54	1991	Female	51
55-59	1991	Female	75
60-64	1991	Female	119
65-69	1991	Female	224
70-74	1991	Female	256
75-79	1991	Female	330
80-84	1991	Female	279
85-89	1991	Female	228
0-4	1990	Male	0
5-9	1990	Male	0
10-14	1990	Male	1
15-19	1990	Male	0
20-24	1990	Male	4
25-29	1990	Male	5
30-34	1990	Male	3
35-39	1990	Male	10
40-44	1990	Male	25
45-49	1990	Male	35
50-54	1990	Male	38
55-59	1990	Male	59
60-64	1990	Male	136
65-69	1990	Male	200
70-74	1990	Male	277
75-79	1990	Male	271
80-84	1990	Male	242
85-89	1990	Male	121
0-4	1990	Female	0
5-9	1990	Female	0
10-14	1990	Female	4
15-19	1990	Female	7
20-24	1990	Female	6
25-29	1990	Female	3
30-34	1990	Female	9
35-39	1990	Female	20
40-44	1990	Female	20
45-49	1990	Female	27
50-54	1990	Female	59
55-59	1990	Female	78
60-64	1990	Female	132
65-69	1990	Female	224
70-74	1990	Female	263
75-79	1990	Female	354
80-84	1990	Female	282
85-89	1990	Female	216
0-4	1989	Male	0
5-9	1989	Male	0
10-14	1989	Male	0
15-19	1989	Male	2
20-24	1989	Male	1
25-29	1989	Male	4
30-34	1989	Male	4
35-39	1989	Male	13
40-44	1989	Male	19
45-49	1989	Male	20
50-54	1989	Male	44
55-59	1989	Male	64
60-64	1989	Male	136
65-69	1989	Male	212
70-74	1989	Male	275
75-79	1989	Male	289
80-84	1989	Male	195
85-89	1989	Male	139
0-4	1989	Female	0
5-9	1989	Female	0
10-14	1989	Female	2
15-19	1989	Female	3
20-24	1989	Female	6
25-29	1989	Female	3
30-34	1989	Female	7
35-39	1989	Female	7
40-44	1989	Female	16
45-49	1989	Female	29
50-54	1989	Female	54
55-59	1989	Female	90
60-64	1989	Female	121
65-69	1989	Female	221
70-74	1989	Female	237
75-79	1989	Female	318
80-84	1989	Female	265
85-89	1989	Female	201
0-4	1988	Male	0
5-9	1988	Male	1
10-14	1988	Male	2
15-19	1988	Male	4
20-24	1988	Male	3
25-29	1988	Male	3
30-34	1988	Male	2
35-39	1988	Male	6
40-44	1988	Male	22
45-49	1988	Male	25
50-54	1988	Male	50
55-59	1988	Male	74
60-64	1988	Male	152
65-69	1988	Male	201
70-74	1988	Male	268
75-79	1988	Male	274
80-84	1988	Male	198
85-89	1988	Male	122
0-4	1988	Female	0
5-9	1988	Female	0
10-14	1988	Female	3
15-19	1988	Female	4
20-24	1988	Female	5
25-29	1988	Female	7
30-34	1988	Female	5
35-39	1988	Female	12
40-44	1988	Female	18
45-49	1988	Female	34
50-54	1988	Female	45
55-59	1988	Female	94
60-64	1988	Female	125
65-69	1988	Female	191
70-74	1988	Female	253
75-79	1988	Female	292
80-84	1988	Female	293
85-89	1988	Female	208
0-4	1987	Male	0
5-9	1987	Male	0
10-14	1987	Male	0
15-19	1987	Male	5
20-24	1987	Male	2
25-29	1987	Male	4
30-34	1987	Male	5
35-39	1987	Male	12
40-44	1987	Male	18
45-49	1987	Male	19
50-54	1987	Male	36
55-59	1987	Male	88
60-64	1987	Male	137
65-69	1987	Male	229
70-74	1987	Male	255
75-79	1987	Male	275
80-84	1987	Male	171
85-89	1987	Male	123
0-4	1987	Female	0
5-9	1987	Female	0
10-14	1987	Female	2
15-19	1987	Female	3
20-24	1987	Female	5
25-29	1987	Female	3
30-34	1987	Female	4
35-39	1987	Female	12
40-44	1987	Female	26
45-49	1987	Female	25
50-54	1987	Female	63
55-59	1987	Female	87
60-64	1987	Female	159
65-69	1987	Female	187
70-74	1987	Female	269
75-79	1987	Female	320
80-84	1987	Female	262
85-89	1987	Female	221
0-4	1986	Male	0
5-9	1986	Male	0
10-14	1986	Male	0
15-19	1986	Male	2
20-24	1986	Male	3
25-29	1986	Male	7
30-34	1986	Male	6
35-39	1986	Male	12
40-44	1986	Male	22
45-49	1986	Male	31
50-54	1986	Male	53
55-59	1986	Male	70
60-64	1986	Male	142
65-69	1986	Male	209
70-74	1986	Male	247
75-79	1986	Male	280
80-84	1986	Male	198
85-89	1986	Male	113
0-4	1986	Female	0
5-9	1986	Female	0
10-14	1986	Female	4
15-19	1986	Female	3
20-24	1986	Female	7
25-29	1986	Female	2
30-34	1986	Female	6
35-39	1986	Female	14
40-44	1986	Female	16
45-49	1986	Female	32
50-54	1986	Female	46
55-59	1986	Female	80
60-64	1986	Female	138
65-69	1986	Female	227
70-74	1986	Female	260
75-79	1986	Female	302
80-84	1986	Female	257
85-89	1986	Female	205
0-4	1985	Male	0
5-9	1985	Male	0
10-14	1985	Male	3
15-19	1985	Male	4
20-24	1985	Male	5
25-29	1985	Male	4
30-34	1985	Male	7
35-39	1985	Male	11
40-44	1985	Male	19
45-49	1985	Male	30
50-54	1985	Male	42
55-59	1985	Male	104
60-64	1985	Male	163
65-69	1985	Male	199
70-74	1985	Male	281
75-79	1985	Male	292
80-84	1985	Male	185
85-89	1985	Male	105
0-4	1985	Female	0
5-9	1985	Female	0
10-14	1985	Female	1
15-19	1985	Female	8
20-24	1985	Female	3
25-29	1985	Female	6
30-34	1985	Female	8
35-39	1985	Female	11
40-44	1985	Female	24
45-49	1985	Female	34
50-54	1985	Female	51
55-59	1985	Female	76
60-64	1985	Female	121
65-69	1985	Female	188
70-74	1985	Female	231
75-79	1985	Female	297
80-84	1985	Female	278
85-89	1985	Female	224
0-4	1984	Male	0
5-9	1984	Male	0
10-14	1984	Male	2
15-19	1984	Male	3
20-24	1984	Male	4
25-29	1984	Male	1
30-34	1984	Male	7
35-39	1984	Male	5
40-44	1984	Male	21
45-49	1984	Male	27
50-54	1984	Male	51
55-59	1984	Male	83
60-64	1984	Male	141
65-69	1984	Male	213
70-74	1984	Male	267
75-79	1984	Male	275
80-84	1984	Male	188
85-89	1984	Male	117
0-4	1984	Female	0
5-9	1984	Female	0
10-14	1984	Female	4
15-19	1984	Female	6
20-24	1984	Female	2
25-29	1984	Female	6
30-34	1984	Female	9
35-39	1984	Female	13
40-44	1984	Female	18
45-49	1984	Female	29
50-54	1984	Female	41
55-59	1984	Female	88
60-64	1984	Female	133
65-69	1984	Female	196
70-74	1984	Female	245
75-79	1984	Female	287
80-84	1984	Female	249
85-89	1984	Female	162
0-4	1983	Male	0
5-9	1983	Male	1
10-14	1983	Male	2
15-19	1983	Male	0
20-24	1983	Male	2
25-29	1983	Male	3
30-34	1983	Male	5
35-39	1983	Male	6
40-44	1983	Male	10
45-49	1983	Male	31
50-54	1983	Male	48
55-59	1983	Male	77
60-64	1983	Male	137
65-69	1983	Male	187
70-74	1983	Male	256
75-79	1983	Male	237
80-84	1983	Male	206
85-89	1983	Male	101
0-4	1983	Female	0
5-9	1983	Female	1
10-14	1983	Female	2
15-19	1983	Female	5
20-24	1983	Female	5
25-29	1983	Female	5
30-34	1983	Female	6
35-39	1983	Female	18
40-44	1983	Female	20
45-49	1983	Female	27
50-54	1983	Female	61
55-59	1983	Female	95
60-64	1983	Female	149
65-69	1983	Female	228
70-74	1983	Female	224
75-79	1983	Female	283
80-84	1983	Female	232
85-89	1983	Female	181
0-4	1982	Male	0
5-9	1982	Male	0
10-14	1982	Male	1
15-19	1982	Male	3
20-24	1982	Male	4
25-29	1982	Male	1
30-34	1982	Male	9
35-39	1982	Male	12
40-44	1982	Male	17
45-49	1982	Male	29
50-54	1982	Male	50
55-59	1982	Male	86
60-64	1982	Male	133
65-69	1982	Male	184
70-74	1982	Male	247
75-79	1982	Male	238
80-84	1982	Male	182
85-89	1982	Male	108
0-4	1982	Female	0
5-9	1982	Female	1
10-14	1982	Female	4
15-19	1982	Female	2
20-24	1982	Female	6
25-29	1982	Female	5
30-34	1982	Female	11
35-39	1982	Female	14
40-44	1982	Female	16
45-49	1982	Female	28
50-54	1982	Female	52
55-59	1982	Female	96
60-64	1982	Female	143
65-69	1982	Female	188
70-74	1982	Female	254
75-79	1982	Female	269
80-84	1982	Female	237
85-89	1982	Female	165
0-4	1981	Male	0
5-9	1981	Male	0
10-14	1981	Male	2
15-19	1981	Male	1
20-24	1981	Male	0
25-29	1981	Male	6
30-34	1981	Male	7
35-39	1981	Male	9
40-44	1981	Male	12
45-49	1981	Male	26
50-54	1981	Male	48
55-59	1981	Male	104
60-64	1981	Male	139
65-69	1981	Male	178
70-74	1981	Male	250
75-79	1981	Male	233
80-84	1981	Male	177
85-89	1981	Male	99
0-4	1981	Female	0
5-9	1981	Female	0
10-14	1981	Female	2
15-19	1981	Female	5
20-24	1981	Female	5
25-29	1981	Female	5
30-34	1981	Female	7
35-39	1981	Female	16
40-44	1981	Female	22
45-49	1981	Female	33
50-54	1981	Female	61
55-59	1981	Female	95
60-64	1981	Female	116
65-69	1981	Female	181
70-74	1981	Female	270
75-79	1981	Female	279
80-84	1981	Female	216
85-89	1981	Female	150
0-4	1980	Male	0
5-9	1980	Male	0
10-14	1980	Male	2
15-19	1980	Male	1
20-24	1980	Male	8
25-29	1980	Male	3
30-34	1980	Male	4
35-39	1980	Male	7
40-44	1980	Male	13
45-49	1980	Male	24
50-54	1980	Male	37
55-59	1980	Male	72
60-64	1980	Male	129
65-69	1980	Male	193
70-74	1980	Male	245
75-79	1980	Male	259
80-84	1980	Male	159
85-89	1980	Male	94
0-4	1980	Female	0
5-9	1980	Female	2
10-14	1980	Female	3
15-19	1980	Female	4
20-24	1980	Female	6
25-29	1980	Female	8
30-34	1980	Female	6
35-39	1980	Female	12
40-44	1980	Female	22
45-49	1980	Female	30
50-54	1980	Female	58
55-59	1980	Female	93
60-64	1980	Female	145
65-69	1980	Female	185
70-74	1980	Female	247
75-79	1980	Female	256
80-84	1980	Female	227
85-89	1980	Female	159
0-4	1979	Male	0
5-9	1979	Male	1
10-14	1979	Male	1
15-19	1979	Male	4
20-24	1979	Male	1
25-29	1979	Male	3
30-34	1979	Male	6
35-39	1979	Male	16
40-44	1979	Male	18
45-49	1979	Male	23
50-54	1979	Male	51
55-59	1979	Male	99
60-64	1979	Male	120
65-69	1979	Male	214
70-74	1979	Male	240
75-79	1979	Male	216
80-84	1979	Male	175
85-89	1979	Male	102
0-4	1979	Female	0
5-9	1979	Female	1
10-14	1979	Female	3
15-19	1979	Female	4
20-24	1979	Female	2
25-29	1979	Female	3
30-34	1979	Female	6
35-39	1979	Female	15
40-44	1979	Female	15
45-49	1979	Female	29
50-54	1979	Female	46
55-59	1979	Female	104
60-64	1979	Female	123
65-69	1979	Female	202
70-74	1979	Female	254
75-79	1979	Female	251
80-84	1979	Female	195
85-89	1979	Female	161
0-4	1978	Male	0
5-9	1978	Male	0
10-14	1978	Male	2
15-19	1978	Male	1
20-24	1978	Male	3
25-29	1978	Male	0
30-34	1978	Male	4
35-39	1978	Male	10
40-44	1978	Male	15
45-49	1978	Male	21
50-54	1978	Male	57
55-59	1978	Male	84
60-64	1978	Male	124
65-69	1978	Male	203
70-74	1978	Male	203
75-79	1978	Male	235
80-84	1978	Male	151
85-89	1978	Male	86
0-4	1978	Female	0
5-9	1978	Female	0
10-14	1978	Female	0
15-19	1978	Female	5
20-24	1978	Female	1
25-29	1978	Female	2
30-34	1978	Female	10
35-39	1978	Female	8
40-44	1978	Female	19
45-49	1978	Female	42
50-54	1978	Female	47
55-59	1978	Female	114
60-64	1978	Female	112
65-69	1978	Female	184
70-74	1978	Female	233
75-79	1978	Female	226
80-84	1978	Female	204
85-89	1978	Female	158
0-4	1977	Male	0
5-9	1977	Male	0
10-14	1977	Male	1
15-19	1977	Male	0
20-24	1977	Male	2
25-29	1977	Male	3
30-34	1977	Male	12
35-39	1977	Male	9
40-44	1977	Male	12
45-49	1977	Male	23
50-54	1977	Male	50
55-59	1977	Male	81
60-64	1977	Male	128
65-69	1977	Male	198
70-74	1977	Male	225
75-79	1977	Male	217
80-84	1977	Male	135
85-89	1977	Male	96
0-4	1977	Female	0
5-9	1977	Female	1
10-14	1977	Female	3
15-19	1977	Female	4
20-24	1977	Female	3
25-29	1977	Female	3
30-34	1977	Female	14
35-39	1977	Female	15
40-44	1977	Female	14
45-49	1977	Female	22
50-54	1977	Female	54
55-59	1977	Female	85
60-64	1977	Female	125
65-69	1977	Female	192
70-74	1977	Female	232
75-79	1977	Female	221
80-84	1977	Female	183
85-89	1977	Female	153
0-4	1976	Male	0
5-9	1976	Male	0
10-14	1976	Male	1
15-19	1976	Male	2
20-24	1976	Male	5
25-29	1976	Male	6
30-34	1976	Male	4
35-39	1976	Male	13
40-44	1976	Male	13
45-49	1976	Male	29
50-54	1976	Male	48
55-59	1976	Male	80
60-64	1976	Male	130
65-69	1976	Male	211
70-74	1976	Male	211
75-79	1976	Male	200
80-84	1976	Male	157
85-89	1976	Male	91
0-4	1976	Female	0
5-9	1976	Female	4
10-14	1976	Female	1
15-19	1976	Female	3
20-24	1976	Female	5
25-29	1976	Female	10
30-34	1976	Female	9
35-39	1976	Female	6
40-44	1976	Female	17
45-49	1976	Female	28
50-54	1976	Female	53
55-59	1976	Female	90
60-64	1976	Female	123
65-69	1976	Female	178
70-74	1976	Female	203
75-79	1976	Female	241
80-84	1976	Female	173
85-89	1976	Female	128
0-4	1975	Male	0
5-9	1975	Male	0
10-14	1975	Male	1
15-19	1975	Male	0
20-24	1975	Male	4
25-29	1975	Male	8
30-34	1975	Male	3
35-39	1975	Male	10
40-44	1975	Male	20
45-49	1975	Male	30
50-54	1975	Male	57
55-59	1975	Male	74
60-64	1975	Male	143
65-69	1975	Male	165
70-74	1975	Male	214
75-79	1975	Male	201
80-84	1975	Male	120
85-89	1975	Male	101
0-4	1975	Female	0
5-9	1975	Female	0
10-14	1975	Female	1
15-19	1975	Female	4
20-24	1975	Female	2
25-29	1975	Female	6
30-34	1975	Female	5
35-39	1975	Female	8
40-44	1975	Female	15
45-49	1975	Female	32
50-54	1975	Female	62
55-59	1975	Female	107
60-64	1975	Female	133
65-69	1975	Female	167
70-74	1975	Female	196
75-79	1975	Female	186
80-84	1975	Female	181
85-89	1975	Female	123
0-4	1974	Male	0
5-9	1974	Male	0
10-14	1974	Male	3
15-19	1974	Male	0
20-24	1974	Male	2
25-29	1974	Male	3
30-34	1974	Male	7
35-39	1974	Male	12
40-44	1974	Male	14
45-49	1974	Male	23
50-54	1974	Male	53
55-59	1974	Male	61
60-64	1974	Male	118
65-69	1974	Male	159
70-74	1974	Male	233
75-79	1974	Male	192
80-84	1974	Male	155
85-89	1974	Male	81
0-4	1974	Female	0
5-9	1974	Female	0
10-14	1974	Female	0
15-19	1974	Female	2
20-24	1974	Female	3
25-29	1974	Female	4
30-34	1974	Female	9
35-39	1974	Female	9
40-44	1974	Female	14
45-49	1974	Female	43
50-54	1974	Female	72
55-59	1974	Female	71
60-64	1974	Female	123
65-69	1974	Female	160
70-74	1974	Female	203
75-79	1974	Female	229
80-84	1974	Female	173
85-89	1974	Female	115
0-4	1973	Male	0
5-9	1973	Male	0
10-14	1973	Male	0
15-19	1973	Male	1
20-24	1973	Male	0
25-29	1973	Male	5
30-34	1973	Male	12
35-39	1973	Male	11
40-44	1973	Male	15
45-49	1973	Male	38
50-54	1973	Male	40
55-59	1973	Male	74
60-64	1973	Male	138
65-69	1973	Male	200
70-74	1973	Male	195
75-79	1973	Male	202
80-84	1973	Male	136
85-89	1973	Male	79
0-4	1973	Female	0
5-9	1973	Female	0
10-14	1973	Female	0
15-19	1973	Female	1
20-24	1973	Female	4
25-29	1973	Female	12
30-34	1973	Female	6
35-39	1973	Female	17
40-44	1973	Female	20
45-49	1973	Female	36
50-54	1973	Female	63
55-59	1973	Female	85
60-64	1973	Female	154
65-69	1973	Female	170
70-74	1973	Female	217
75-79	1973	Female	198
80-84	1973	Female	173
85-89	1973	Female	124
0-4	1972	Male	0
5-9	1972	Male	0
10-14	1972	Male	0
15-19	1972	Male	1
20-24	1972	Male	1
25-29	1972	Male	4
30-34	1972	Male	5
35-39	1972	Male	13
40-44	1972	Male	18
45-49	1972	Male	31
50-54	1972	Male	49
55-59	1972	Male	95
60-64	1972	Male	124
65-69	1972	Male	139
70-74	1972	Male	208
75-79	1972	Male	178
80-84	1972	Male	127
85-89	1972	Male	68
0-4	1972	Female	0
5-9	1972	Female	0
10-14	1972	Female	5
15-19	1972	Female	5
20-24	1972	Female	6
25-29	1972	Female	5
30-34	1972	Female	5
35-39	1972	Female	11
40-44	1972	Female	14
45-49	1972	Female	35
50-54	1972	Female	49
55-59	1972	Female	81
60-64	1972	Female	149
65-69	1972	Female	161
70-74	1972	Female	195
75-79	1972	Female	234
80-84	1972	Female	152
85-89	1972	Female	103
0-4	1971	Male	0
5-9	1971	Male	0
10-14	1971	Male	1
15-19	1971	Male	3
20-24	1971	Male	1
25-29	1971	Male	3
30-34	1971	Male	7
35-39	1971	Male	12
40-44	1971	Male	28
45-49	1971	Male	35
50-54	1971	Male	55
55-59	1971	Male	81
60-64	1971	Male	131
65-69	1971	Male	172
70-74	1971	Male	182
75-79	1971	Male	175
80-84	1971	Male	130
85-89	1971	Male	74
0-4	1971	Female	0
5-9	1971	Female	1
10-14	1971	Female	0
15-19	1971	Female	1
20-24	1971	Female	4
25-29	1971	Female	4
30-34	1971	Female	12
35-39	1971	Female	13
40-44	1971	Female	17
45-49	1971	Female	45
50-54	1971	Female	63
55-59	1971	Female	85
60-64	1971	Female	115
65-69	1971	Female	143
70-74	1971	Female	177
75-79	1971	Female	201
80-84	1971	Female	142
85-89	1971	Female	108
0-4	1970	Male	0
5-9	1970	Male	0
10-14	1970	Male	0
15-19	1970	Male	1
20-24	1970	Male	3
25-29	1970	Male	9
30-34	1970	Male	2
35-39	1970	Male	7
40-44	1970	Male	18
45-49	1970	Male	44
50-54	1970	Male	59
55-59	1970	Male	86
60-64	1970	Male	128
65-69	1970	Male	190
70-74	1970	Male	174
75-79	1970	Male	198
80-84	1970	Male	118
85-89	1970	Male	56
0-4	1970	Female	0
5-9	1970	Female	0
10-14	1970	Female	1
15-19	1970	Female	1
20-24	1970	Female	4
25-29	1970	Female	4
30-34	1970	Female	6
35-39	1970	Female	13
40-44	1970	Female	22
45-49	1970	Female	48
50-54	1970	Female	61
55-59	1970	Female	80
60-64	1970	Female	119
65-69	1970	Female	164
70-74	1970	Female	174
75-79	1970	Female	201
80-84	1970	Female	183
85-89	1970	Female	115
